filename,sheet_name,file_year,project_name,gate_number,sku_name,sku_name,Market,list_price_AUD,forecast_volume_y1,forecast_volume_y2,forecast_volume_y3,forecast_net_sales_y1,forecast_net_sales_y2,forecast_net_sales_y3,launchyr_coop_listingfees_y1,launchyr_coop_listingfees_y2,launchyr_coop_listingfees_y3,one_time_costs_y1,one_time_costs_y2,one_time_costs_y3
G4 P&L - Rusty - AU NZ - CANZ - Exp (M).xlsm,Project Summary,,Rusty,G4,Betadine Ready to Use Gargle 200mL_Australia,Betadine Ready to Use Gargle 200mL,Australia,14.93,37468.0,118858.0,116334.0,345707.49432,1096671.86292,1073383.5711599998,0.0,,,7200.0,,
G4 P&L - Rusty - AU NZ - CANZ - Exp (M).xlsm,Project Summary,,Rusty,G4,Betadine Ready to Use Gargle 60mL_Australia,Betadine Ready to Use Gargle 60mL,Australia,7.16,0.0,70079.0,93281.0,0.0,291525.83684,388045.22875999997,0.0,,,4800.0,,
G4 P&L - Rusty - AU NZ - CANZ - Exp (M).xlsm,Project Summary,,Rusty,G4,Betadine Antiseptic Solution 500mL_Australia,Betadine Antiseptic Solution 500mL,Australia,20.74,14055.0,21647.0,22054.0,189183.95429999998,291374.24821999995,296852.57404,0.0,,,0.0,,
G4 P&L - Rusty - AU NZ - CANZ - Exp (M).xlsm,Project Summary,,Rusty,G4,Betadine Antiseptic First Aid Cream 45g_Australia,Betadine Antiseptic First Aid Cream 45g,Australia,12.83,27409.0,47678.0,48635.0,243698.62671000004,423914.15682000003,432423.02565,0.0,,,8600.0,,
G4 P&L - Rusty - AU NZ - CANZ - Exp (M).xlsm,Project Summary,,Rusty,G4,Betadine Ready to Use Gargle 200mL_NZ,Betadine Ready to Use Gargle 200mL,NZ,13.425925925925926,0.0,14000.0,16800.0,0.0,146611.1111111111,175933.33333333334,0.0,,,0.0,,
G4 P&L - Rusty - AU NZ - CANZ - Exp (M).xlsm,Project Summary,,Rusty,G4,Betadine Ready to Use Gargle 60mL_NZ,Betadine Ready to Use Gargle 60mL,NZ,5.833333333333333,0.0,6000.0,7200.0,0.0,27300.0,32760.0,0.0,,,0.0,,
G4 P&L - Rusty - AU NZ - CANZ - Exp (M).xlsm,Project Summary,,Rusty,G4,Betadine Antiseptic First Aid Cream 45g_NZ,Betadine Antiseptic First Aid Cream 45g,NZ,7.87037037037037,0.0,0.0,13000.0,0.0,0.0,79805.55555555556,0.0,,,0.0,,
G4 P&L - Rusty - AU NZ - CANZ - Exp (M).xlsm,Project Summary,,Rusty,G4,Betadine Antiseptic First Aid Cream 20g_NZ,Betadine Antiseptic First Aid Cream 20g,NZ,4.916666666666666,0.0,0.0,17000.0,0.0,0.0,65195.0,0.0,,,0.0,,
G4 P&L - Yogi - AU NZ - CANZ - Inno (R&D).xlsm,Project Summary,,Yogi,G4,DURO-TUSS Relief Dry Lozenges 24_Australia,DURO-TUSS Relief Dry Lozenges 24,Australia,8.61,82896.0,167054.0,172065.62,444656.63087999995,896082.66762,922965.1476485998,0.0,,,0.0,,
G4 P&L - Yogi - AU NZ - CANZ - Inno (R&D).xlsm,Project Summary,,Yogi,G4,Difflam Sore Throat + Cough + Sore Throat + Blocked Nose (Herbal) 16_Australia,Difflam Sore Throat + Cough + Sore Throat + Blocked Nose (Herbal) 16,Australia,7.12,157514.0,225210.0,208767.0,661684.8112,946062.1680000001,876988.4136000001,0.0,,,0.0,,
G4 P&L - Yogi - AU NZ - CANZ - Inno (R&D).xlsm,Project Summary,,Yogi,G4,Difflam Sore Throat + Cough + Sore Throat + Blocked Nose (Herbal) 32_Australia,Difflam Sore Throat + Cough + Sore Throat + Blocked Nose (Herbal) 32,Australia,12.56,155500.0,219140.0,200883.0,1152317.2000000002,1623915.056,1488623.3832,0.0,,,0.0,,
G4 P&L - Yogi - AU NZ - CANZ - Inno (R&D).xlsm,Project Summary,,Yogi,G4,DURO-TUSS Relief Dry Lozenges 24_NZ,DURO-TUSS Relief Dry Lozenges 24,NZ,10.58,11391.0,13211.0,14532.0,94003.08840000001,109022.4564,119923.8768,0.0,,,0.0,,
G4 P&L - Yogi - AU NZ - CANZ - Inno (R&D).xlsm,Project Summary,,Yogi,G4,Difflam Sore Throat + Cough + Sore Throat + Blocked Nose (Herbal) 16_NZ,Difflam Sore Throat + Cough + Sore Throat + Blocked Nose (Herbal) 16,NZ,4.47,26000.0,31200.0,35880.0,90651.6,108781.92,125099.20799999998,0.0,,,0.0,,
G4 P&L - Yogi - AU NZ - CANZ - Inno (R&D).xlsm,Project Summary,,Yogi,G4,Difflam Sore Throat + Cough + Sore Throat + Blocked Nose (Herbal) 32_NZ,Difflam Sore Throat + Cough + Sore Throat + Blocked Nose (Herbal) 32,NZ,6.9,10000.0,15000.0,18750.0,53820.0,80730.0,100912.5,0.0,,,0.0,,
G2 P&L - Herbie - AU NZ - CANZ - Reno (F).xlsm,Project Summary,,Herbie,G2,"Demazin Children's 2+ All in one Cold & Flu, Cough and Sore Throat 200mL _Australia","Demazin Children's 2+ All in one Cold & Flu, Cough and Sore Throat 200mL ",Australia,15.05,50000.0,55000.0,304790.0,398825.0,438707.5,2431157.435,0.0,,,20000.0,,
G2 P&L - Herbie - AU NZ - CANZ - Reno (F).xlsm,Project Summary,,Herbie,G2,Demazin Children's 3+ Night time Cold and Flu + Immune Defence  200mL _Australia,Demazin Children's 3+ Night time Cold and Flu + Immune Defence  200mL ,Australia,14.3,120000.0,40000.0,44000.0,909480.0,303160.0,333476.0,0.0,,,0.0,,
G2 P&L - Herbie - AU NZ - CANZ - Reno (F).xlsm,Project Summary,,Herbie,G2,Nyal 3 in One Dry and Chesty Cough Relief Plus Immune Support _Australia,Nyal 3 in One Dry and Chesty Cough Relief Plus Immune Support ,Australia,8.7,0.0,125000.0,125000.0,0.0,696000.0,696000.0,0.0,,,0.0,,
G2 P&L  - Yogi - CANZ & AMENA - MR - Inno (R&D).xlsm,Project Summary,,Yogi,G2,DURO-TUSS Relief Dry Lozenges 24_Australia,DURO-TUSS Relief Dry Lozenges 24,Australia,8.61,99722.89120040197,173550.03,152814.03149999998,534970.9999703679,931022.275591756,819782.4416940768,0.0,,,0.0,,
G2 P&L  - Yogi - CANZ & AMENA - MR - Inno (R&D).xlsm,Project Summary,,Yogi,G2,Difflam Sore Throat + Cough / Herbal Lozenges 16_Australia,Difflam Sore Throat + Cough / Herbal Lozenges 16,Australia,7.12,210122.3898429284,332617.29000000004,292490.1545,824225.3887915366,1304723.4774645974,1147320.908974387,0.0,,,0.0,,
G2 P&L  - Yogi - CANZ & AMENA - MR - Inno (R&D).xlsm,Project Summary,,Yogi,G2,"Difflam Sore Throat + Cough, Cold & Flu Lozenges 16_Australia","Difflam Sore Throat + Cough, Cold & Flu Lozenges 16",Australia,7.12,0.0,80000.0,82400.0,0.0,313807.73439999996,323221.966432,0.0,,,0.0,,
G2 P&L  - Yogi - CANZ & AMENA - MR - Inno (R&D).xlsm,Project Summary,,Yogi,G2,Difflam Soothing Centre Filled Lozenges 16 H/L_Australia,Difflam Soothing Centre Filled Lozenges 16 H/L,Australia,7.12,0.0,180000.0,185400.0,0.0,706067.4024,727249.424472,0.0,,,0.0,,
G2 P&L  - Yogi - CANZ & AMENA - MR - Inno (R&D).xlsm,Project Summary,,Yogi,G2,Difflam Soothing Centre Filled Lozenges 16 Berry_Australia,Difflam Soothing Centre Filled Lozenges 16 Berry,Australia,7.12,0.0,115000.0,118450.0,0.0,451098.61819999997,464631.576746,0.0,,,0.0,,
G2 P&L  - Yogi - CANZ & AMENA - MR - Inno (R&D).xlsm,Project Summary,,Yogi,G2,DURO-TUSS Relief Dry Lozenges 24_NZ,DURO-TUSS Relief Dry Lozenges 24,NZ,8.8,11391.0,13211.0,14532.0,78187.824,90680.304,99747.648,0.0,,,0.0,,
G2 P&L  - Yogi - CANZ & AMENA - MR - Inno (R&D).xlsm,Project Summary,,Yogi,G2,Difflam Sore Throat + Cough / Herbal Lozenges 16_NZ,Difflam Sore Throat + Cough / Herbal Lozenges 16,NZ,8.2,26000.0,31200.0,35880.0,166295.99999999997,199555.19999999998,229488.48,0.0,,,0.0,,
G2 P&L  - Yogi - CANZ & AMENA - MR - Inno (R&D).xlsm,Project Summary,,Yogi,G2,Difflam Herbals Soothing Throat Lozenges 12 Lemon Ginger_MY,Difflam Herbals Soothing Throat Lozenges 12 Lemon Ginger,MY,1.875,0.0,0.0,0.0,0.0,0.0,0.0,0.0,,,0.0,,
G2 P&L  - Yogi - CANZ & AMENA - MR - Inno (R&D).xlsm,Project Summary,,Yogi,G2,Difflam Herbals Soothing Throat Lozenges 12 Manuka Honey_MY,Difflam Herbals Soothing Throat Lozenges 12 Manuka Honey,MY,1.875,0.0,0.0,0.0,0.0,0.0,0.0,0.0,,,0.0,,
G2 P&L  - Yogi - CANZ & AMENA - MR - Inno (R&D).xlsm,Project Summary,,Yogi,G2,Difflam Herbals Soothing Throat Lozenges 12 Elderberry_MY,Difflam Herbals Soothing Throat Lozenges 12 Elderberry,MY,1.5,0.0,0.0,0.0,0.0,0.0,0.0,0.0,,,0.0,,
G2 P&L  - Yogi - CANZ & AMENA - MR - Inno (R&D).xlsm,Project Summary,,Yogi,G2,Difflam Kids Soothing Throat Pops 8s Strawberry_MY,Difflam Kids Soothing Throat Pops 8s Strawberry,MY,6.870378852319571,17500.0,35000.0,42000.0,46185.303932473995,192370.607864948,230844.72943793758,50000.0,,,0.0,,
G2 P&L  - Yogi - CANZ & AMENA - MR - Inno (R&D).xlsm,Project Summary,,Yogi,G2,Difflam Herbals Soothing Throat Lozenges 12 Lemon Ginger_SG,Difflam Herbals Soothing Throat Lozenges 12 Lemon Ginger,SG,6.2,0.0,0.0,0.0,0.0,0.0,0.0,0.0,,,0.0,,
G2 P&L  - Yogi - CANZ & AMENA - MR - Inno (R&D).xlsm,Project Summary,,Yogi,G2,Difflam Herbals Soothing Throat Lozenges 12 Manuka Honey_SG,Difflam Herbals Soothing Throat Lozenges 12 Manuka Honey,SG,6.2,10000.0,20000.0,24000.0,7120.0,94240.0,113088.0,40000.0,,,0.0,,
G2 P&L  - Yogi - CANZ & AMENA - MR - Inno (R&D).xlsm,Project Summary,,Yogi,G2,Difflam Herbals Soothing Throat Lozenges 12 Elderberry_SG,Difflam Herbals Soothing Throat Lozenges 12 Elderberry,SG,6.2,10000.0,20000.0,24000.0,7120.0,94240.0,113088.0,40000.0,,,0.0,,
G2 P&L  - Yogi - CANZ & AMENA - MR - Inno (R&D).xlsm,Project Summary,,Yogi,G2,Difflam Kids Soothing Throat Pops 8s Strawberry_SG,Difflam Kids Soothing Throat Pops 8s Strawberry,SG,5.7,10000.0,20000.0,24000.0,3320.0,86640.0,103968.0,40000.0,,,0.0,,
G2 P&L  - Yogi - CANZ & AMENA - MR - Inno (R&D).xlsm,Project Summary,,Yogi,G2,Difflam Herbals Soothing Throat Lozenges 12 Lemon Ginger_PH,Difflam Herbals Soothing Throat Lozenges 12 Lemon Ginger,PH,1.83,0.0,0.0,0.0,0.0,0.0,0.0,0.0,,,0.0,,
G2 P&L  - Yogi - CANZ & AMENA - MR - Inno (R&D).xlsm,Project Summary,,Yogi,G2,Difflam Herbals Soothing Throat Lozenges 12 Manuka Honey_PH,Difflam Herbals Soothing Throat Lozenges 12 Manuka Honey,PH,1.8,0.0,0.0,0.0,0.0,0.0,0.0,0.0,,,0.0,,
G2 P&L  - Yogi - CANZ & AMENA - MR - Inno (R&D).xlsm,Project Summary,,Yogi,G2,Difflam Herbals Soothing Throat Lozenges 12 Elderberry_PH,Difflam Herbals Soothing Throat Lozenges 12 Elderberry,PH,1.8,0.0,0.0,0.0,0.0,0.0,0.0,0.0,,,0.0,,
G2 P&L  - Yogi - CANZ & AMENA - MR - Inno (R&D).xlsm,Project Summary,,Yogi,G2,Difflam Kids Soothing Throat Pops 8s Strawberry_PH,Difflam Kids Soothing Throat Pops 8s Strawberry,PH,5.52,25000.0,50000.0,60000.0,100640.0,215280.0,258336.0,7000.0,,,0.0,,
G2 P&L  - Yogi - CANZ & AMENA - MR - Inno (R&D).xlsm,Project Summary,,Yogi,G2,Difflam Herbals Soothing Throat Lozenges 12 Lemon Ginger_HK,Difflam Herbals Soothing Throat Lozenges 12 Lemon Ginger,HK,3.2048225990019814,0.0,0.0,0.0,0.0,0.0,0.0,0.0,,,0.0,,
G2 P&L  - Yogi - CANZ & AMENA - MR - Inno (R&D).xlsm,Project Summary,,Yogi,G2,Difflam Herbals Soothing Throat Lozenges 12 Manuka Honey_HK,Difflam Herbals Soothing Throat Lozenges 12 Manuka Honey,HK,3.2,0.0,0.0,0.0,0.0,0.0,0.0,0.0,,,0.0,,
G2 P&L  - Yogi - CANZ & AMENA - MR - Inno (R&D).xlsm,Project Summary,,Yogi,G2,Difflam Herbals Soothing Throat Lozenges 12 Elderberry_HK,Difflam Herbals Soothing Throat Lozenges 12 Elderberry,HK,3.2,0.0,0.0,0.0,0.0,0.0,0.0,0.0,,,0.0,,
G2 P&L  - Yogi - CANZ & AMENA - MR - Inno (R&D).xlsm,Project Summary,,Yogi,G2,Difflam Kids Soothing Throat Pops 8s Strawberry_HK,Difflam Kids Soothing Throat Pops 8s Strawberry,HK,5.480679553060366,0.0,0.0,0.0,0.0,0.0,0.0,0.0,,,0.0,,
G2 P&L  - Yogi - CANZ & AMENA - MR - Inno (R&D).xlsm,Project Summary,,Yogi,G2,Difflam Herbals Soothing Throat Lozenges 12 Lemon Ginger_TH,Difflam Herbals Soothing Throat Lozenges 12 Lemon Ginger,TH,1.56,0.0,0.0,0.0,0.0,0.0,0.0,0.0,,,0.0,,
G2 P&L  - Yogi - CANZ & AMENA - MR - Inno (R&D).xlsm,Project Summary,,Yogi,G2,Difflam Herbals Soothing Throat Lozenges 12 Manuka Honey_TH,Difflam Herbals Soothing Throat Lozenges 12 Manuka Honey,TH,1.6,60000.0,156000.0,187200.0,27200.0,174720.0,209664.0,40000.0,,,0.0,,
G2 P&L  - Yogi - CANZ & AMENA - MR - Inno (R&D).xlsm,Project Summary,,Yogi,G2,Difflam Herbals Soothing Throat Lozenges 12 Elderberry_TH,Difflam Herbals Soothing Throat Lozenges 12 Elderberry,TH,1.6,40000.0,104000.0,124800.0,4800.0,116480.0,139776.0,40000.0,,,0.0,,
G2 P&L  - Yogi - CANZ & AMENA - MR - Inno (R&D).xlsm,Project Summary,,Yogi,G2,Difflam Kids Soothing Throat Pops 8s Strawberry_TH,Difflam Kids Soothing Throat Pops 8s Strawberry,TH,5.05,50000.0,100000.0,120000.0,136750.0,353500.0,424200.0,40000.0,,,0.0,,
G1 P&L- Rusty - AU NZ - CANZ - Exp (P).xlsm,Project Summary,,Rusty,G1,Betadine Ready to Use Gargle 200mL_Australia,Betadine Ready to Use Gargle 200mL,Australia,14.93,20000.0,115000.0,115500.0,169090.0,1116017.5,1120869.75,25000.0,,,0.0,,
G1 P&L- Rusty - AU NZ - CANZ - Exp (P).xlsm,Project Summary,,Rusty,G1,Betadine Ready to Use Gargle 60mL_Australia,Betadine Ready to Use Gargle 60mL,Australia,7.16,8000.0,85000.0,85250.0,37232.0,395590.0,396753.5,0.0,,,0.0,,
G1 P&L- Rusty - AU NZ - CANZ - Exp (P).xlsm,Project Summary,,Rusty,G1,Betadine Antiseptic Solution 500mL_Australia,Betadine Antiseptic Solution 500mL,Australia,20.74,10000.0,25000.0,25500.0,134810.0,337025.0,343765.5,0.0,,,0.0,,
G1 P&L- Rusty - AU NZ - CANZ - Exp (P).xlsm,Project Summary,,Rusty,G1,Betadine antiseptic cream 45g_Australia,Betadine antiseptic cream 45g,Australia,12.83,10000.0,38400.0,39000.0,83395.0,320236.80000000005,325240.5,0.0,,,0.0,,
G1 P&L- Rusty - AU NZ - CANZ - Exp (P).xlsm,Project Summary,,Rusty,G1,Betadine Ready to Use Gargle 200mL_NZ,Betadine Ready to Use Gargle 200mL,NZ,16.423000000000002,2000.0,15000.0,15500.0,21349.9,160124.25000000003,165461.72500000003,0.0,,,0.0,,
G1 P&L- Rusty - AU NZ - CANZ - Exp (P).xlsm,Project Summary,,Rusty,G1,Betadine Ready to Use Gargle 60mL_NZ,Betadine Ready to Use Gargle 60mL,NZ,7.876000000000001,800.0,8500.0,8525.0,4095.520000000001,43514.90000000001,43642.88500000001,0.0,,,0.0,,
G1 P&L- Rusty - AU NZ - CANZ - Exp (P).xlsm,Project Summary,,Rusty,G1,Betadine antiseptic cream 45g_NZ,Betadine antiseptic cream 45g,NZ,14.113000000000001,1000.0,3850.0,3900.0,9173.45,35317.7825,35776.455,0.0,,,0.0,,
G2 P&L - Rusty - AU NZ - CANZ - Exp (P).xlsm,Project Summary,,Rusty,G2,Betadine Ready to Use Gargle 200mL_Australia,Betadine Ready to Use Gargle 200mL,Australia,14.93,20000.0,115000.0,115500.0,176174.0,1013000.5,1017404.8500000001,0.0,,,0.0,,
G2 P&L - Rusty - AU NZ - CANZ - Exp (P).xlsm,Project Summary,,Rusty,G2,Betadine Ready to Use Gargle 60mL_Australia,Betadine Ready to Use Gargle 60mL,Australia,7.16,8000.0,85000.0,85250.0,33795.2,359074.0,360130.1,0.0,,,0.0,,
G2 P&L - Rusty - AU NZ - CANZ - Exp (P).xlsm,Project Summary,,Rusty,G2,Betadine Antiseptic Solution 500mL_Australia,Betadine Antiseptic Solution 500mL,Australia,20.74,10000.0,25000.0,25500.0,159697.99999999997,399244.99999999994,407229.9,0.0,,,0.0,,
G2 P&L - Rusty - AU NZ - CANZ - Exp (P).xlsm,Project Summary,,Rusty,G2,Betadine antiseptic cream 45g_Australia,Betadine antiseptic cream 45g,Australia,12.83,10000.0,38400.0,39000.0,98791.0,379357.44,385284.9,0.0,,,0.0,,
G2 P&L - Rusty - AU NZ - CANZ - Exp (P).xlsm,Project Summary,,Rusty,G2,Betadine Ready to Use Gargle 200mL_NZ,Betadine Ready to Use Gargle 200mL,NZ,16.423000000000002,2000.0,11500.0,11550.0,21349.9,122761.92500000002,123295.67250000002,0.0,,,0.0,,
G2 P&L - Rusty - AU NZ - CANZ - Exp (P).xlsm,Project Summary,,Rusty,G2,Betadine Ready to Use Gargle 60mL_NZ,Betadine Ready to Use Gargle 60mL,NZ,7.876000000000001,800.0,8500.0,8525.0,4095.520000000001,43514.90000000001,43642.88500000001,0.0,,,0.0,,
G2 P&L - Rusty - AU NZ - CANZ - Exp (P).xlsm,Project Summary,,Rusty,G2,Betadine antiseptic cream 45g_NZ,Betadine antiseptic cream 45g,NZ,14.113000000000001,1000.0,3840.0,3900.0,9173.45,35226.04800000001,35776.455,0.0,,,0.0,,
G3 P&L - Hulk - AU - CANZ - Reno (P).xlsm,Project Summary,,Hulk,G3,Difflam +anaes Loz Blackcurrant 32_Australia,Difflam +anaes Loz Blackcurrant 32,Australia,14.58,114834.0,98525.68000000001,101481.45040000002,954339.4404,818807.5162080001,843371.7416942401,0.0,,,0.0,,
G3 P&L - Hulk - AU - CANZ - Reno (P).xlsm,Project Summary,,Hulk,G3,Difflam Reg Loz Strawberry 32_Australia,Difflam Reg Loz Strawberry 32,Australia,10.33,114633.0,100560.96,103577.78880000001,674970.5673,592112.9885760001,609876.37823328,0.0,,,0.0,,
G4 P&L - Colossus (Phase 2) - AU - CANZ - Reno (F).xlsm,Project Summary,,Colossus (Phase 2),G4,Demazin Allergy and Hay Fever 110 _Australia,Demazin Allergy and Hay Fever 110 ,Australia,36.99,67431.0,95899.0,105728.70000000001,823109.9876999999,1170610.3232999998,1290598.5222900002,0.0,,,148633.0,,
G4 P&L - Colossus (Phase 2) - AU - CANZ - Reno (F).xlsm,Project Summary,,Colossus (Phase 2),G4,Demazin Allergy and Hay Fever 80_Australia,Demazin Allergy and Hay Fever 80,Australia,30.8,4043.0,7552.0,7929.6,41093.051999999996,76758.52799999999,80596.45439999999,0.0,,,0.0,,
G1 P&L - Pain - AU - CANZ - Reno (P).xlsm,Project Summary,,Pain,G1,Norflex 30 Pack_Australia,Norflex 30 Pack,Australia,15,37014.0,45671.0,70788.0,555210.0,685065.0,1061820.0,0.0,,,0.0,,
G2 P&L - Cosmos - AU - CANZ - Inno (I-L) - No Halo.xlsm,Project Summary,,Cosmos,G2,Brand site Retreive One 1% Retinol Cream Serum  30mL_Australia,Brand site Retreive One 1% Retinol Cream Serum  30mL,Australia,45.99,4000.0,9000.0,11000.0,180280.8,405631.8,495772.2,0.0,,,20000.0,,
G4 P&L - Hulk - AU NZ - CANZ - Exp (P).xlsm,Project Summary,,Hulk,G4,Difflam +anaes Loz Blackcurrant 32_Australia,Difflam +anaes Loz Blackcurrant 32,Australia,14.58,114347.0,98024.07,100964.7921,950292.1782,814638.836142,839078.00122626,0.0,,,0.0,,
G4 P&L - Hulk - AU NZ - CANZ - Exp (P).xlsm,Project Summary,,Hulk,G4,Difflam Reg Loz Strawberry 32_Australia,Difflam Reg Loz Strawberry 32,Australia,10.33,67659.0,57325.68,59045.4504,398382.9579,337539.336408,347665.51650024,0.0,,,0.0,,
G4 P&L - Hulk - AU NZ - CANZ - Exp (P).xlsm,Project Summary,,Hulk,G4,Difflam +anaes Loz Blackcurrant 32_NZ,Difflam +anaes Loz Blackcurrant 32,NZ,10,4783.0,4926.0,5074.0,47830.0,49260.0,50740.0,0.0,,,0.0,,
G2 P&L - Cosmos - AU - CANZ - Inno (I-L) - With Halo.xlsm,Project Summary,,Cosmos,G2,Brand site Retreive One 1% Retinol Cream Serum  30mL_Australia,Brand site Retreive One 1% Retinol Cream Serum  30mL,Australia,45.99,4000.0,9000.0,11000.0,180280.8,405631.8,495772.2,0.0,,,20000.0,,
G2 P&L - Cosmos - AU - CANZ - Inno (I-L) - With Halo.xlsm,Project Summary,,Cosmos,G2,Retreive RX_Australia,Retreive RX,Australia,58.69,,,,,,,,,,,,
G4 P&L (with Halo) - Cosmos - CANZ - AU - Inno (I-L).xlsm,Project Summary,,Cosmos,G4,Brand site Retreive One 1% Retinol Cream Serum  30mL_Australia,Brand site Retreive One 1% Retinol Cream Serum  30mL,Australia,54.5,4000.0,9000.0,11000.0,213640.0,480690.0,587510.0,0.0,,,20000.0,,
G4 P&L (with Halo) - Cosmos - CANZ - AU - Inno (I-L).xlsm,Project Summary,,Cosmos,G4,Retreive RX_Australia,Retreive RX,Australia,58.69,12000.0,27000.0,33000.0,704280.0,1584630.0,1936770.0,0.0,,,0.0,,
G4 P&L (no Halo) - Cosmos - CANZ - AU - Inno (I-L).xlsm,Project Summary,,Cosmos,G4,Brand site Retreive One 1% Retinol Cream Serum  30mL_Australia,Brand site Retreive One 1% Retinol Cream Serum  30mL,Australia,54.5,4000.0,9000.0,11000.0,213640.0,480690.0,587510.0,0.0,,,20000.0,,
G3 P&L - Rusty - AU NZ - CANZ - Reno (P).xlsm,Project Summary,,Rusty,G3,Betadine Ready to Use Gargle 200mL_Australia,Betadine Ready to Use Gargle 200mL,Australia,14.93,11627.0,115000.0,140000.0,107279.30597999999,1061075.1,1291743.6,0.0,,,7200.0,,
G3 P&L - Rusty - AU NZ - CANZ - Reno (P).xlsm,Project Summary,,Rusty,G3,Betadine Ready to Use Gargle 60mL_Australia,Betadine Ready to Use Gargle 60mL,Australia,7.16,20079.0,119614.0,120000.0,83527.83684,497589.45544,499195.2,0.0,,,4800.0,,
G3 P&L - Rusty - AU NZ - CANZ - Reno (P).xlsm,Project Summary,,Rusty,G3,Betadine Antiseptic Solution 500mL_Australia,Betadine Antiseptic Solution 500mL,Australia,20.74,12982.0,20279.0,20587.0,174741.09532000002,272960.61254,277106.37262,0.0,,,0.0,,
G3 P&L - Rusty - AU NZ - CANZ - Reno (P).xlsm,Project Summary,,Rusty,G3,Betadine Antiseptic First Aid Cream 45g_Australia,Betadine Antiseptic First Aid Cream 45g,Australia,12.83,14625.0,43106.0,43744.0,130033.65375,383263.63613999996,388936.21536000003,0.0,,,8600.0,,
G3 P&L - Rusty - AU NZ - CANZ - Reno (P).xlsm,Project Summary,,Rusty,G3,Betadine Ready to Use Gargle 200mL_NZ,Betadine Ready to Use Gargle 200mL,NZ,13.425925925925926,0.0,14000.0,16800.0,0.0,146611.1111111111,175933.33333333334,0.0,,,0.0,,
G3 P&L - Rusty - AU NZ - CANZ - Reno (P).xlsm,Project Summary,,Rusty,G3,Betadine Ready to Use Gargle 60mL_NZ,Betadine Ready to Use Gargle 60mL,NZ,5.833333333333333,0.0,6000.0,7200.0,0.0,27300.0,32760.0,0.0,,,0.0,,
G3 P&L - Rusty - AU NZ - CANZ - Reno (P).xlsm,Project Summary,,Rusty,G3,Betadine Antiseptic First Aid Cream 45g_NZ,Betadine Antiseptic First Aid Cream 45g,NZ,7.87037037037037,0.0,0.0,13000.0,0.0,0.0,79805.55555555556,0.0,,,0.0,,
G3 P&L - Rusty - AU NZ - CANZ - Reno (P).xlsm,Project Summary,,Rusty,G3,Betadine Antiseptic First Aid Cream 20g_NZ,Betadine Antiseptic First Aid Cream 20g,NZ,4.916666666666666,0.0,0.0,17000.0,0.0,0.0,65195.0,0.0,,,0.0,,
G4 P&L - Dexterity Short Term - AU NZ - CANZ - Inno (R&D).xlsm,Project Summary,,Dexterity Short Term,G4,DURO-TUSS Dry Forte Dex 3mg 200mL _Australia,DURO-TUSS Dry Forte Dex 3mg 200mL ,Australia,14.95,459995.0,470943.0,492135.0,4263693.654999999,4365170.666999999,4561599.3149999995,0.0,,,0.0,,
G4 P&L - Dexterity Short Term - AU NZ - CANZ - Inno (R&D).xlsm,Project Summary,,Dexterity Short Term,G4,DURO-TUSS Dry + Nasal Decon 200mL_Australia,DURO-TUSS Dry + Nasal Decon 200mL,Australia,14.95,0.0,0.0,80002.0,0.0,0.0,741538.538,0.0,,,0.0,,
G4 P&L - Dexterity Short Term - AU NZ - CANZ - Inno (R&D).xlsm,Project Summary,,Dexterity Short Term,G4,DURO-TUSS Dry + Nasal Decon (Night) 200mL_Australia,DURO-TUSS Dry + Nasal Decon (Night) 200mL,Australia,14.95,0.0,51581.0,87300.0,0.0,478104.289,809183.7,0.0,,,0.0,,
G4 P&L - Dexterity Short Term - AU NZ - CANZ - Inno (R&D).xlsm,Project Summary,,Dexterity Short Term,G4,DURO-TUSS Dry Cough Lozenges 16s_Australia,DURO-TUSS Dry Cough Lozenges 16s,Australia,7.75,0.0,35100.0,130428.0,0.0,163215.0,606490.2,0.0,,,0.0,,
G4 P&L - Dexterity Short Term - AU NZ - CANZ - Inno (R&D).xlsm,Project Summary,,Dexterity Short Term,G4,DURO-TUSS Dry Cough Lozenges 32s _Australia,DURO-TUSS Dry Cough Lozenges 32s ,Australia,12.06,0.0,33333.0,130428.0,0.0,241197.58800000002,943777.008,0.0,,,0.0,,
G4 P&L - Dexterity Short Term - AU NZ - CANZ - Inno (R&D).xlsm,Project Summary,,Dexterity Short Term,G4,DURO-TUSS DX Dry Cough Liquid Forte 125mL_Australia,DURO-TUSS DX Dry Cough Liquid Forte 125mL,Australia,11.19,150255.0,50875.0,45833.0,1042439.139,352960.575,317980.18739999994,0.0,,,0.0,,
G4 P&L - Dexterity Short Term - AU NZ - CANZ - Inno (R&D).xlsm,Project Summary,,Dexterity Short Term,G4,DURO-TUSS Dry Cough Lozenges 16s_NZ,DURO-TUSS Dry Cough Lozenges 16s,NZ,8.77,0.0,0.0,0.0,0.0,0.0,0.0,0.0,,,0.0,,
G4 SC P&L - Dexterity Short Term - AU NZ - CANZ - Inno (R&D).xlsm,Project Summary,,Dexterity Short Term,G4,DURO-TUSS Dry Forte Dex 3mg 200mL _Australia,DURO-TUSS Dry Forte Dex 3mg 200mL ,Australia,14.95,459995.0,470943.0,492135.0,4263693.654999999,4365170.666999999,4561599.3149999995,0.0,,,0.0,,
G4 SC P&L - Dexterity Short Term - AU NZ - CANZ - Inno (R&D).xlsm,Project Summary,,Dexterity Short Term,G4,DURO-TUSS Dry + Nasal Decon (Night) 200mL_Australia,DURO-TUSS Dry + Nasal Decon (Night) 200mL,Australia,14.95,0.0,51581.0,87300.0,0.0,478104.289,809183.7,0.0,,,0.0,,
G4 SC P&L - Dexterity Short Term - AU NZ - CANZ - Inno (R&D).xlsm,Project Summary,,Dexterity Short Term,G4,DURO-TUSS Dry Cough Lozenges 16s_Australia,DURO-TUSS Dry Cough Lozenges 16s,Australia,7.75,0.0,35100.0,130428.0,0.0,163215.0,606490.2,0.0,,,0.0,,
G4 SC P&L - Dexterity Short Term - AU NZ - CANZ - Inno (R&D).xlsm,Project Summary,,Dexterity Short Term,G4,DURO-TUSS Dry Cough Lozenges 32s _Australia,DURO-TUSS Dry Cough Lozenges 32s ,Australia,12.06,0.0,33333.0,130428.0,0.0,241197.58800000002,943777.008,0.0,,,0.0,,
G4 SC P&L - Dexterity Short Term - AU NZ - CANZ - Inno (R&D).xlsm,Project Summary,,Dexterity Short Term,G4,DURO-TUSS DX Dry Cough Liquid Forte 125mL_Australia,DURO-TUSS DX Dry Cough Liquid Forte 125mL,Australia,11.19,150255.0,50875.0,45833.0,1042439.139,352960.575,317980.18739999994,0.0,,,0.0,,
G1 P&L - Yogi - CANZ & AMENA - Inno R&D I-L.xlsm,Project Summary,,Yogi,G1,DURO-TUSS Relief Dry Lozenges 24_Australia,DURO-TUSS Relief Dry Lozenges 24,Australia,8.61,80000.0,80000.0,82400.0,440000.0,440000.0,453200.0,0.0,,,0.0,,
G1 P&L - Yogi - CANZ & AMENA - Inno R&D I-L.xlsm,Project Summary,,Yogi,G1,Difflam Sore Throat + Cough / Herbal Lozenges 16_Australia,Difflam Sore Throat + Cough / Herbal Lozenges 16,Australia,7.26,220000.0,210000.0,216300.0,782628.0,747054.0,769465.62,0.0,,,0.0,,
G1 P&L - Yogi - CANZ & AMENA - Inno R&D I-L.xlsm,Project Summary,,Yogi,G1,"Difflam Sore Throat + Cough, Cold & Flu Lozenges 16_Australia","Difflam Sore Throat + Cough, Cold & Flu Lozenges 16",Australia,7.26,0.0,80000.0,82400.0,0.0,284592.0,293129.76,0.0,,,0.0,,
G1 P&L - Yogi - CANZ & AMENA - Inno R&D I-L.xlsm,Project Summary,,Yogi,G1,Difflam Soothing Centre Filled Lozenges 16 H/L_Australia,Difflam Soothing Centre Filled Lozenges 16 H/L,Australia,7.26,0.0,180000.0,185400.0,0.0,640332.0,659541.96,0.0,,,0.0,,
G1 P&L - Yogi - CANZ & AMENA - Inno R&D I-L.xlsm,Project Summary,,Yogi,G1,Difflam Soothing Centre Filled Lozenges 16 Berry_Australia,Difflam Soothing Centre Filled Lozenges 16 Berry,Australia,7.26,0.0,115000.0,118450.0,0.0,409101.0,421374.02999999997,0.0,,,0.0,,
G1 P&L - Yogi - CANZ & AMENA - Inno R&D I-L.xlsm,Project Summary,,Yogi,G1,DURO-TUSS Relief Dry Lozenges 24_NZ,DURO-TUSS Relief Dry Lozenges 24,NZ,9.9,0.0,20000.0,21000.0,0.0,138600.0,145530.0,0.0,,,0.0,,
G1 P&L - Yogi - CANZ & AMENA - Inno R&D I-L.xlsm,Project Summary,,Yogi,G1,Difflam Sore Throat + Cough / Herbal Lozenges 16_NZ,Difflam Sore Throat + Cough / Herbal Lozenges 16,NZ,7.0200000000000005,0.0,20000.0,20600.0,0.0,98280.0,101228.4,0.0,,,0.0,,
G1 P&L - Yogi - CANZ & AMENA - Inno R&D I-L.xlsm,Project Summary,,Yogi,G1,Difflam Soothing Centre Filled Lozenges 16 H/L_NZ,Difflam Soothing Centre Filled Lozenges 16 H/L,NZ,9.879999999999999,0.0,24000.0,24720.0,0.0,165984.0,170963.52,0.0,,,0.0,,
G1 P&L - Yogi - CANZ & AMENA - Inno R&D I-L.xlsm,Project Summary,,Yogi,G1,Difflam Soothing Centre Filled Lozenges 16 Berry_NZ,Difflam Soothing Centre Filled Lozenges 16 Berry,NZ,9.879999999999999,0.0,24000.0,24720.0,0.0,165984.0,170963.52,0.0,,,0.0,,
G1 P&L - Yogi - CANZ & AMENA - Inno R&D I-L.xlsm,Project Summary,,Yogi,G1,Difflam Herbals Soothing Throat Lozenges 12 Lemon Ginger_MY,Difflam Herbals Soothing Throat Lozenges 12 Lemon Ginger,MY,1.875,17500.0,35000.0,42000.0,-23750.0,52500.0,63000.0,50000.0,,,0.0,,
G1 P&L - Yogi - CANZ & AMENA - Inno R&D I-L.xlsm,Project Summary,,Yogi,G1,Difflam Herbals Soothing Throat Lozenges 12 Manuka Honey_MY,Difflam Herbals Soothing Throat Lozenges 12 Manuka Honey,MY,1.875,17500.0,35000.0,42000.0,-23750.0,52500.0,63000.0,50000.0,,,0.0,,
G1 P&L - Yogi - CANZ & AMENA - Inno R&D I-L.xlsm,Project Summary,,Yogi,G1,Difflam Herbals Soothing Throat Lozenges 12 Elderberry_MY,Difflam Herbals Soothing Throat Lozenges 12 Elderberry,MY,1.5,17500.0,35000.0,42000.0,-29000.0,42000.0,50400.0,50000.0,,,0.0,,
G1 P&L - Yogi - CANZ & AMENA - Inno R&D I-L.xlsm,Project Summary,,Yogi,G1,Difflam Kids Soothing Throat Pops 8s Strawberry_MY,Difflam Kids Soothing Throat Pops 8s Strawberry,MY,6.870378852319571,17500.0,35000.0,42000.0,46185.303932473995,192370.607864948,230844.72943793758,50000.0,,,0.0,,
G1 P&L - Yogi - CANZ & AMENA - Inno R&D I-L.xlsm,Project Summary,,Yogi,G1,Difflam Herbals Soothing Throat Lozenges 12 Lemon Ginger_SG,Difflam Herbals Soothing Throat Lozenges 12 Lemon Ginger,SG,6.2,10000.0,20000.0,24000.0,7120.0,94240.0,113088.0,40000.0,,,0.0,,
G1 P&L - Yogi - CANZ & AMENA - Inno R&D I-L.xlsm,Project Summary,,Yogi,G1,Difflam Herbals Soothing Throat Lozenges 12 Manuka Honey_SG,Difflam Herbals Soothing Throat Lozenges 12 Manuka Honey,SG,6.2,10000.0,20000.0,24000.0,7120.0,94240.0,113088.0,40000.0,,,0.0,,
G1 P&L - Yogi - CANZ & AMENA - Inno R&D I-L.xlsm,Project Summary,,Yogi,G1,Difflam Herbals Soothing Throat Lozenges 12 Elderberry_SG,Difflam Herbals Soothing Throat Lozenges 12 Elderberry,SG,6.2,10000.0,20000.0,24000.0,7120.0,94240.0,113088.0,40000.0,,,0.0,,
G1 P&L - Yogi - CANZ & AMENA - Inno R&D I-L.xlsm,Project Summary,,Yogi,G1,Difflam Kids Soothing Throat Pops 8s Strawberry_SG,Difflam Kids Soothing Throat Pops 8s Strawberry,SG,5.7,10000.0,20000.0,24000.0,3320.0,86640.0,103968.0,40000.0,,,0.0,,
G1 P&L - Yogi - CANZ & AMENA - Inno R&D I-L.xlsm,Project Summary,,Yogi,G1,Difflam Herbals Soothing Throat Lozenges 12 Lemon Ginger_PH,Difflam Herbals Soothing Throat Lozenges 12 Lemon Ginger,PH,1.83,37500.0,75000.0,90000.0,46527.5,107055.0,128466.0,7000.0,,,0.0,,
G1 P&L - Yogi - CANZ & AMENA - Inno R&D I-L.xlsm,Project Summary,,Yogi,G1,Difflam Herbals Soothing Throat Lozenges 12 Manuka Honey_PH,Difflam Herbals Soothing Throat Lozenges 12 Manuka Honey,PH,1.8,37500.0,75000.0,90000.0,45650.0,105300.0,126360.0,7000.0,,,0.0,,
G1 P&L - Yogi - CANZ & AMENA - Inno R&D I-L.xlsm,Project Summary,,Yogi,G1,Difflam Herbals Soothing Throat Lozenges 12 Elderberry_PH,Difflam Herbals Soothing Throat Lozenges 12 Elderberry,PH,1.8,37500.0,75000.0,90000.0,45650.0,105300.0,126360.0,7000.0,,,0.0,,
G1 P&L - Yogi - CANZ & AMENA - Inno R&D I-L.xlsm,Project Summary,,Yogi,G1,Difflam Kids Soothing Throat Pops 8s Strawberry_PH,Difflam Kids Soothing Throat Pops 8s Strawberry,PH,5.52,25000.0,50000.0,60000.0,100640.0,215280.0,258336.0,7000.0,,,0.0,,
G1 P&L - Yogi - CANZ & AMENA - Inno R&D I-L.xlsm,Project Summary,,Yogi,G1,Difflam Herbals Soothing Throat Lozenges 12 Lemon Ginger_HK,Difflam Herbals Soothing Throat Lozenges 12 Lemon Ginger,HK,3.2048225990019814,0.0,0.0,0.0,0.0,0.0,0.0,0.0,,,0.0,,
G1 P&L - Yogi - CANZ & AMENA - Inno R&D I-L.xlsm,Project Summary,,Yogi,G1,Difflam Herbals Soothing Throat Lozenges 12 Manuka Honey_HK,Difflam Herbals Soothing Throat Lozenges 12 Manuka Honey,HK,3.2,0.0,0.0,0.0,0.0,0.0,0.0,0.0,,,0.0,,
G1 P&L - Yogi - CANZ & AMENA - Inno R&D I-L.xlsm,Project Summary,,Yogi,G1,Difflam Herbals Soothing Throat Lozenges 12 Elderberry_HK,Difflam Herbals Soothing Throat Lozenges 12 Elderberry,HK,3.2,0.0,0.0,0.0,0.0,0.0,0.0,0.0,,,0.0,,
G1 P&L - Yogi - CANZ & AMENA - Inno R&D I-L.xlsm,Project Summary,,Yogi,G1,Difflam Kids Soothing Throat Pops 8s Strawberry_HK,Difflam Kids Soothing Throat Pops 8s Strawberry,HK,5.480679553060366,0.0,0.0,0.0,0.0,0.0,0.0,0.0,,,0.0,,
G1 P&L - Yogi - CANZ & AMENA - Inno R&D I-L.xlsm,Project Summary,,Yogi,G1,Difflam Herbals Soothing Throat Lozenges 12 Lemon Ginger_TH,Difflam Herbals Soothing Throat Lozenges 12 Lemon Ginger,TH,1.56,50000.0,100000.0,120000.0,14600.0,109200.0,131040.0,40000.0,,,0.0,,
G1 P&L - Yogi - CANZ & AMENA - Inno R&D I-L.xlsm,Project Summary,,Yogi,G1,Difflam Herbals Soothing Throat Lozenges 12 Manuka Honey_TH,Difflam Herbals Soothing Throat Lozenges 12 Manuka Honey,TH,1.6,50000.0,100000.0,120000.0,16000.0,112000.0,134400.0,40000.0,,,0.0,,
G1 P&L - Yogi - CANZ & AMENA - Inno R&D I-L.xlsm,Project Summary,,Yogi,G1,Difflam Herbals Soothing Throat Lozenges 12 Elderberry_TH,Difflam Herbals Soothing Throat Lozenges 12 Elderberry,TH,1.6,50000.0,100000.0,120000.0,16000.0,112000.0,134400.0,40000.0,,,0.0,,
G1 P&L - Yogi - CANZ & AMENA - Inno R&D I-L.xlsm,Project Summary,,Yogi,G1,Difflam Kids Soothing Throat Pops 8s Strawberry_TH,Difflam Kids Soothing Throat Pops 8s Strawberry,TH,5.05,50000.0,100000.0,120000.0,136750.0,353500.0,424200.0,40000.0,,,0.0,,
G1 P&L - Herbie - AU NZ - CANZ - Reno (F).xlsm  -  Restored version.xlsm,Project Summary,,Herbie,G1,"Demazin Children's 2+ All in one Cold & Flu, Cough and Sore Throat 200mL _Australia","Demazin Children's 2+ All in one Cold & Flu, Cough and Sore Throat 200mL ",Australia,15.05,50000.0,55000.0,304790.0,398825.0,438707.5,2431157.435,0.0,,,60000.0,,
G1 P&L - Herbie - AU NZ - CANZ - Reno (F).xlsm  -  Restored version.xlsm,Project Summary,,Herbie,G1,Demazin Children's 3+ Night time Cold and Flu + Immune Defence  200mL _Australia,Demazin Children's 3+ Night time Cold and Flu + Immune Defence  200mL ,Australia,14.3,0.0,40000.0,44000.0,0.0,303160.0,333476.0,0.0,,,0.0,,
G1 P&L - Hulk - AU - CANZ - Reno (P).xlsm,Project Summary,,Hulk,G1,Difflam +anaes Loz Blackcurrant 32_Australia,Difflam +anaes Loz Blackcurrant 32,Australia,14.58,232100.0,217330.0,223849.9,1928890.26,1806142.6979999999,1860326.97894,0.0,,,0.0,,
G1 P&L - Hulk - AU - CANZ - Reno (P).xlsm,Project Summary,,Hulk,G1,Difflam Reg Loz Strawberry 32_Australia,Difflam Reg Loz Strawberry 32,Australia,10.33,82500.0,77250.0,79567.5,485768.25,454855.725,468501.39675,0.0,,,0.0,,
G2 SC P&L - Herbie - AU NZ - CANZ - Reno (F).xlsm,Project Summary,,Herbie,G2,"Demazin Children 4 in One Cold&Flu, Cough and Sore Throat 200mL _Australia","Demazin Children 4 in One Cold&Flu, Cough and Sore Throat 200mL ",Australia,15.1,0.0,0.0,104000.0,0.0,0.0,832312.0,0.0,,,0.0,,
G2 SC P&L - Herbie - AU NZ - CANZ - Reno (F).xlsm,Project Summary,,Herbie,G2,Demazin Children Cold&Flu Night time 200mL_Australia,Demazin Children Cold&Flu Night time 200mL,Australia,14.3,0.0,0.0,48000.0,0.0,0.0,363792.0,0.0,,,0.0,,
G2 SC P&L - Herbie - AU NZ - CANZ - Reno (F).xlsm,Project Summary,,Herbie,G2,Nyal 3-in-1 Cough Relief 240mL_Australia,Nyal 3-in-1 Cough Relief 240mL,Australia,9.4,130913.0,131178.0,137386.0,738349.32,739843.9199999999,774857.04,0.0,,,20000.0,,
G4 P&L - Pooh Bear Honey - ANZ - CANZ - Inno (R&D).xlsm,Project Summary,,Pooh Bear Honey,G4,DURO-TUSS Relief Dry Cough Night Time - AU_Australia,DURO-TUSS Relief Dry Cough Night Time - AU,Australia,14.31,223580.0,238292.0,283219.0,1774478.4072000002,1923216.60528,2285815.23396,30000.0,,,0.0,,
G4 P&L - Pooh Bear Honey - ANZ - CANZ - Inno (R&D).xlsm,Project Summary,,Pooh Bear Honey,G4,DURO-TUSS Relief Dry Cough Honey - AU_Australia,DURO-TUSS Relief Dry Cough Honey - AU,Australia,14.31,17143.0,132825.0,143981.0,118358.41012000002,1072009.3229999999,1162047.61404,20000.0,,,0.0,,
G4 P&L - Pooh Bear Honey - ANZ - CANZ - Inno (R&D).xlsm,Project Summary,,Pooh Bear Honey,G4,DURO-TUSS Herbal Night-time - NZ_NZ,DURO-TUSS Herbal Night-time - NZ,NZ,10.440366972477063,29100.0,28700.0,33500.0,221975.44954128435,233718.05504587153,272806.7889908257,15000.0,,,0.0,,
G4 P&L - Pooh Bear Honey - ANZ - CANZ - Inno (R&D).xlsm,Project Summary,,Pooh Bear Honey,G4,DURO-TUSS Herbal Honey - NZ_NZ,DURO-TUSS Herbal Honey - NZ,NZ,10.440366972477063,3000.0,16000.0,20000.0,9430.45871559633,130295.77981651374,162869.72477064218,15000.0,,,0.0,,
